order_id,workshop,production_date,planned_qty,actual_qty,work_hours,equipment_id
ORD0001,一号车间,2026-03-21,50,56,10.1,EQ18
ORD0001,一号车间,2026-03-22,50,48,9.5,EQ02
ORD0001,一号车间,2026-03-23,50,58,6.6,EQ08
ORD0001,精加工车间,2026-03-24,50,69,9.6,EQ18
ORD0001,二号车间,2026-03-25,50,47,10.3,EQ18
ORD0001,装配车间,2026-03-26,50,40,7.3,EQ09
ORD0001,一号车间,2026-03-27,50,0,10.6,EQ06
ORD0001,装配车间,2026-03-28,50,0,8.0,EQ05
ORD0001,二号车间,2026-03-29,50,0,11.7,EQ11
ORD0001,一号车间,2026-03-30,50,0,6.6,EQ04
ORD0001,三号车间,2026-03-31,50,0,11.1,EQ09
ORD0001,一号车间,2026-04-01,50,0,10.4,EQ18
ORD0001,一号车间,2026-04-02,50,0,11.8,EQ13
ORD0001,一号车间,2026-04-03,50,0,9.3,EQ12
ORD0002,三号车间,2026-04-15,287,163,7.0,EQ12
ORD0002,二号车间,2026-04-16,287,246,10.0,EQ03
ORD0002,精加工车间,2026-04-17,287,214,9.8,EQ18
ORD0002,二号车间,2026-04-18,287,309,7.0,EQ13
ORD0002,三号车间,2026-04-19,287,221,11.9,EQ18
ORD0002,二号车间,2026-04-20,287,185,10.1,EQ02
ORD0002,二号车间,2026-04-21,287,392,10.9,EQ11
ORD0002,装配车间,2026-04-22,287,270,7.6,EQ07
ORD0002,精加工车间,2026-04-23,287,273,11.3,EQ11
ORD0002,二号车间,2026-04-24,287,0,9.9,EQ13
ORD0003,装配车间,2026-02-16,424,366,8.2,EQ05
ORD0003,精加工车间,2026-02-17,424,435,9.0,EQ02
ORD0003,一号车间,2026-02-18,424,301,6.9,EQ06
ORD0003,装配车间,2026-02-19,424,463,9.6,EQ13
ORD0003,装配车间,2026-02-20,424,360,9.6,EQ15
ORD0003,精加工车间,2026-02-21,424,393,7.5,EQ18
ORD0003,一号车间,2026-02-22,424,360,10.1,EQ04
ORD0003,精加工车间,2026-02-23,424,620,10.5,EQ11
ORD0003,一号车间,2026-02-24,424,422,7.8,EQ06
ORD0003,装配车间,2026-02-25,424,311,6.0,EQ09
ORD0003,精加工车间,2026-02-26,424,511,10.6,EQ17
ORD0003,一号车间,2026-02-27,424,241,11.2,EQ10
ORD0004,一号车间,2026-02-17,491,516,6.7,EQ12
ORD0004,三号车间,2026-02-18,491,250,7.4,EQ08
ORD0004,精加工车间,2026-02-19,491,327,11.7,EQ03
ORD0004,装配车间,2026-02-20,491,515,10.9,EQ18
ORD0004,二号车间,2026-02-21,491,581,6.8,EQ16
ORD0004,精加工车间,2026-02-22,491,367,7.0,EQ17
ORD0004,精加工车间,2026-02-23,491,0,8.5,EQ07
ORD0004,精加工车间,2026-02-24,491,0,10.5,EQ07
ORD0004,三号车间,2026-02-25,491,0,8.4,EQ12
ORD0004,装配车间,2026-02-26,491,0,11.4,EQ15
ORD0005,一号车间,2026-02-14,1773,1568,10.2,EQ02
ORD0005,二号车间,2026-02-15,1773,1565,6.4,EQ02
ORD0005,三号车间,2026-02-16,1773,0,6.4,EQ08
ORD0006,装配车间,2026-02-11,345,192,7.1,EQ04
ORD0006,装配车间,2026-02-12,345,372,8.1,EQ14
ORD0006,装配车间,2026-02-13,345,311,11.2,EQ02
ORD0006,一号车间,2026-02-14,345,286,6.4,EQ11
ORD0006,一号车间,2026-02-15,345,397,7.5,EQ07
ORD0006,精加工车间,2026-02-16,345,433,8.7,EQ14
ORD0006,二号车间,2026-02-17,345,425,7.7,EQ08
ORD0006,一号车间,2026-02-18,345,272,8.7,EQ18
ORD0006,一号车间,2026-02-19,345,318,6.3,EQ18
ORD0006,一号车间,2026-02-20,345,373,11.8,EQ08
ORD0006,二号车间,2026-02-21,345,429,8.4,EQ16
ORD0006,二号车间,2026-02-22,345,303,11.2,EQ02
ORD0006,二号车间,2026-02-23,345,328,8.3,EQ13
ORD0006,三号车间,2026-02-24,345,249,11.6,EQ15
ORD0006,三号车间,2026-02-25,345,241,8.5,EQ18
ORD0007,一号车间,2026-02-15,1748,2103,9.5,EQ17
ORD0007,精加工车间,2026-02-16,1748,1777,6.9,EQ17
ORD0007,一号车间,2026-02-17,1748,0,11.1,EQ03
ORD0008,精加工车间,2026-02-10,279,348,9.4,EQ11
ORD0008,三号车间,2026-02-11,279,304,7.2,EQ11
ORD0008,二号车间,2026-02-12,279,234,7.6,EQ05
ORD0008,三号车间,2026-02-13,279,78,8.7,EQ03
ORD0008,一号车间,2026-02-14,279,0,8.7,EQ04
ORD0008,一号车间,2026-02-15,279,0,9.2,EQ17
ORD0008,三号车间,2026-02-16,279,0,6.8,EQ12
ORD0008,一号车间,2026-02-17,279,0,11.3,EQ12
ORD0008,三号车间,2026-02-18,279,0,6.9,EQ18
ORD0009,一号车间,2026-01-31,738,754,10.5,EQ05
ORD0009,三号车间,2026-02-01,738,682,7.7,EQ07
ORD0009,三号车间,2026-02-02,738,385,7.2,EQ09
ORD0009,精加工车间,2026-02-03,738,0,8.9,EQ02
ORD0010,一号车间,2026-04-09,293,276,6.7,EQ05
ORD0010,精加工车间,2026-04-10,293,319,6.2,EQ12
ORD0010,精加工车间,2026-04-11,293,401,9.3,EQ14
ORD0010,二号车间,2026-04-12,293,255,6.3,EQ12
ORD0010,一号车间,2026-04-13,293,233,11.4,EQ07
ORD0010,二号车间,2026-04-14,293,256,10.0,EQ12
ORD0010,精加工车间,2026-04-15,293,360,11.3,EQ14
ORD0010,精加工车间,2026-04-16,293,317,10.5,EQ08
ORD0010,二号车间,2026-04-17,293,200,11.9,EQ06
ORD0010,装配车间,2026-04-18,293,0,6.1,EQ11
ORD0010,装配车间,2026-04-19,293,0,10.8,EQ08
ORD0011,三号车间,2026-03-28,544,675,10.9,EQ08
ORD0011,二号车间,2026-03-29,544,448,6.1,EQ07
ORD0011,装配车间,2026-03-30,544,499,8.0,EQ03
ORD0011,三号车间,2026-03-31,544,490,8.1,EQ17
ORD0011,装配车间,2026-04-01,544,344,10.1,EQ18
ORD0011,三号车间,2026-04-02,544,517,11.6,EQ04
ORD0011,三号车间,2026-04-03,544,0,7.1,EQ09
ORD0011,一号车间,2026-04-04,544,0,6.7,EQ14
ORD0012,装配车间,2026-02-11,261,245,6.0,EQ18
ORD0012,二号车间,2026-02-12,261,168,8.2,EQ03
ORD0012,三号车间,2026-02-13,261,233,9.7,EQ04
ORD0012,三号车间,2026-02-14,261,238,9.0,EQ14
ORD0012,三号车间,2026-02-15,261,208,8.4,EQ10
ORD0012,精加工车间,2026-02-16,261,2,6.8,EQ14
ORD0012,装配车间,2026-02-17,261,0,10.1,EQ06
ORD0012,精加工车间,2026-02-18,261,0,9.4,EQ13
ORD0012,精加工车间,2026-02-19,261,0,11.0,EQ10
ORD0012,三号车间,2026-02-20,261,0,7.3,EQ11
ORD0012,装配车间,2026-02-21,261,0,8.7,EQ07
ORD0012,精加工车间,2026-02-22,261,0,8.8,EQ06
ORD0012,一号车间,2026-02-23,261,0,7.7,EQ11
ORD0012,一号车间,2026-02-24,261,0,10.9,EQ08
ORD0013,精加工车间,2026-03-25,97,156,7.2,EQ13
ORD0013,装配车间,2026-03-26,97,92,8.4,EQ05
ORD0013,一号车间,2026-03-27,97,45,11.4,EQ04
ORD0013,装配车间,2026-03-28,97,0,7.3,EQ17
ORD0013,装配车间,2026-03-29,97,0,6.3,EQ08
ORD0013,一号车间,2026-03-30,97,0,8.7,EQ15
ORD0013,精加工车间,2026-03-31,97,0,11.9,EQ11
ORD0013,装配车间,2026-04-01,97,0,9.7,EQ17
ORD0013,装配车间,2026-04-02,97,0,11.0,EQ18
ORD0014,精加工车间,2026-03-23,279,376,8.9,EQ08
ORD0014,三号车间,2026-03-24,279,181,8.6,EQ10
ORD0014,二号车间,2026-03-25,279,319,7.6,EQ11
ORD0014,精加工车间,2026-03-26,279,431,6.5,EQ05
ORD0014,二号车间,2026-03-27,279,209,8.3,EQ05
ORD0014,二号车间,2026-03-28,279,239,6.4,EQ14
ORD0014,三号车间,2026-03-29,279,285,9.3,EQ14
ORD0014,一号车间,2026-03-30,279,141,7.2,EQ14
ORD0014,装配车间,2026-03-31,279,0,11.4,EQ01
ORD0014,精加工车间,2026-04-01,279,0,8.3,EQ01
ORD0014,三号车间,2026-04-02,279,0,7.8,EQ13
ORD0014,装配车间,2026-04-03,279,0,9.2,EQ18
ORD0014,精加工车间,2026-04-04,279,0,11.4,EQ16
ORD0014,二号车间,2026-04-05,279,0,7.6,EQ16
ORD0014,一号车间,2026-04-06,279,0,8.3,EQ13
ORD0015,装配车间,2026-03-06,144,132,7.1,EQ09
ORD0015,装配车间,2026-03-07,144,173,8.0,EQ15
ORD0015,三号车间,2026-03-08,144,99,8.0,EQ13
ORD0015,三号车间,2026-03-09,144,152,10.5,EQ14
ORD0015,三号车间,2026-03-10,144,62,11.0,EQ16
ORD0016,二号车间,2026-02-01,177,105,11.0,EQ05
ORD0016,二号车间,2026-02-02,177,185,6.8,EQ04
ORD0016,精加工车间,2026-02-03,177,6,11.7,EQ15
ORD0016,三号车间,2026-02-04,177,0,10.6,EQ06
ORD0016,精加工车间,2026-02-05,177,0,9.6,EQ04
ORD0016,二号车间,2026-02-06,177,0,11.8,EQ04
ORD0017,二号车间,2026-03-31,288,325,6.6,EQ10
ORD0017,精加工车间,2026-04-01,288,309,10.8,EQ02
ORD0017,三号车间,2026-04-02,288,306,9.2,EQ12
ORD0017,一号车间,2026-04-03,288,312,9.0,EQ11
ORD0017,一号车间,2026-04-04,288,239,11.1,EQ16
ORD0017,一号车间,2026-04-05,288,304,8.6,EQ12
ORD0017,装配车间,2026-04-06,288,309,10.2,EQ14
ORD0017,二号车间,2026-04-07,288,236,10.4,EQ09
ORD0017,精加工车间,2026-04-08,288,422,10.8,EQ18
ORD0017,装配车间,2026-04-09,288,322,8.8,EQ09
ORD0017,三号车间,2026-04-10,288,202,11.1,EQ03
ORD0017,三号车间,2026-04-11,288,335,11.3,EQ08
ORD0017,装配车间,2026-04-12,288,144,9.4,EQ13
ORD0018,三号车间,2026-03-11,186,222,9.3,EQ17
ORD0018,二号车间,2026-03-12,186,239,6.5,EQ14
ORD0018,装配车间,2026-03-13,186,147,9.3,EQ08
ORD0018,装配车间,2026-03-14,186,230,9.9,EQ16
ORD0018,装配车间,2026-03-15,186,205,10.8,EQ03
ORD0018,三号车间,2026-03-16,186,88,7.3,EQ08
ORD0018,三号车间,2026-03-17,186,0,10.0,EQ12
ORD0018,装配车间,2026-03-18,186,0,9.3,EQ12
ORD0018,装配车间,2026-03-19,186,0,12.0,EQ18
ORD0018,三号车间,2026-03-20,186,0,8.1,EQ15
ORD0018,三号车间,2026-03-21,186,0,7.8,EQ08
ORD0018,一号车间,2026-03-22,186,0,10.3,EQ11
ORD0019,三号车间,2026-03-21,744,807,7.4,EQ06
ORD0019,三号车间,2026-03-22,744,795,6.1,EQ18
ORD0019,二号车间,2026-03-23,744,673,7.6,EQ02
ORD0019,精加工车间,2026-03-24,744,0,7.8,EQ05
ORD0019,装配车间,2026-03-25,744,0,6.6,EQ01
ORD0019,精加工车间,2026-03-26,744,0,7.7,EQ16
ORD0020,二号车间,2026-04-17,286,480,10.9,EQ10
ORD0020,一号车间,2026-04-18,286,29,12.0,EQ04
ORD0020,精加工车间,2026-04-19,286,0,10.6,EQ08
ORD0020,精加工车间,2026-04-20,286,0,8.3,EQ15
ORD0020,三号车间,2026-04-21,286,0,11.2,EQ14
ORD0021,二号车间,2026-02-04,550,519,7.4,EQ18
ORD0021,一号车间,2026-02-05,550,648,6.9,EQ14
ORD0021,装配车间,2026-02-06,550,615,10.1,EQ16
ORD0021,三号车间,2026-02-07,550,120,6.2,EQ10
ORD0022,二号车间,2026-02-04,242,190,9.9,EQ09
ORD0022,二号车间,2026-02-05,242,150,6.4,EQ06
ORD0022,三号车间,2026-02-06,242,214,9.6,EQ10
ORD0022,装配车间,2026-02-07,242,293,6.7,EQ10
ORD0022,装配车间,2026-02-08,242,254,11.7,EQ17
ORD0022,精加工车间,2026-02-09,242,35,9.0,EQ03
ORD0022,精加工车间,2026-02-10,242,0,6.2,EQ14
ORD0022,三号车间,2026-02-11,242,0,9.6,EQ01
ORD0022,一号车间,2026-02-12,242,0,7.4,EQ01
ORD0022,三号车间,2026-02-13,242,0,9.5,EQ06
ORD0022,装配车间,2026-02-14,242,0,9.1,EQ15
ORD0023,一号车间,2026-02-24,155,110,11.1,EQ11
ORD0023,装配车间,2026-02-25,155,168,10.2,EQ10
ORD0023,装配车间,2026-02-26,155,176,10.9,EQ18
ORD0023,一号车间,2026-02-27,155,196,8.7,EQ11
ORD0023,三号车间,2026-02-28,155,195,7.9,EQ13
ORD0023,精加工车间,2026-03-01,155,101,10.9,EQ01
ORD0023,精加工车间,2026-03-02,155,47,8.8,EQ02
ORD0023,二号车间,2026-03-03,155,0,9.1,EQ16
ORD0024,精加工车间,2026-03-20,524,591,10.8,EQ06
ORD0024,三号车间,2026-03-21,524,591,9.3,EQ18
ORD0024,装配车间,2026-03-22,524,203,6.6,EQ04
ORD0025,精加工车间,2026-03-22,466,532,6.9,EQ07
ORD0025,精加工车间,2026-03-23,466,598,9.0,EQ05
ORD0025,一号车间,2026-03-24,466,577,7.7,EQ14
ORD0025,三号车间,2026-03-25,466,541,11.6,EQ17
ORD0025,三号车间,2026-03-26,466,429,10.9,EQ10
ORD0025,三号车间,2026-03-27,466,424,11.0,EQ16
ORD0025,二号车间,2026-03-28,466,0,8.7,EQ16
ORD0025,三号车间,2026-03-29,466,0,8.0,EQ18
ORD0025,装配车间,2026-03-30,466,0,8.7,EQ11
ORD0025,二号车间,2026-03-31,466,0,11.9,EQ08
ORD0026,二号车间,2026-03-08,336,530,9.0,EQ02
ORD0026,二号车间,2026-03-09,336,179,9.0,EQ11
ORD0026,一号车间,2026-03-10,336,393,11.2,EQ15
ORD0026,一号车间,2026-03-11,336,200,9.2,EQ15
ORD0026,一号车间,2026-03-12,336,296,10.3,EQ14
ORD0026,二号车间,2026-03-13,336,427,6.4,EQ09
ORD0026,三号车间,2026-03-14,336,341,9.7,EQ13
ORD0026,一号车间,2026-03-15,336,245,11.1,EQ18
ORD0026,装配车间,2026-03-16,336,275,11.7,EQ16
ORD0026,精加工车间,2026-03-17,336,393,6.2,EQ03
ORD0026,二号车间,2026-03-18,336,274,9.8,EQ10
ORD0026,二号车间,2026-03-19,336,354,10.5,EQ14
ORD0026,一号车间,2026-03-20,336,339,10.6,EQ04
ORD0027,二号车间,2026-03-19,191,159,9.2,EQ06
ORD0027,二号车间,2026-03-20,191,293,7.1,EQ13
ORD0027,精加工车间,2026-03-21,191,221,10.1,EQ16
ORD0027,精加工车间,2026-03-22,191,7,6.9,EQ15
ORD0027,三号车间,2026-03-23,191,0,8.8,EQ01
ORD0028,三号车间,2026-03-18,531,443,7.2,EQ13
ORD0028,装配车间,2026-03-19,531,644,6.6,EQ13
ORD0028,精加工车间,2026-03-20,531,425,8.2,EQ10
ORD0028,三号车间,2026-03-21,531,515,6.1,EQ13
ORD0028,三号车间,2026-03-22,531,598,6.0,EQ02
ORD0028,精加工车间,2026-03-23,531,645,10.5,EQ10
ORD0028,二号车间,2026-03-24,531,106,9.6,EQ12
ORD0028,二号车间,2026-03-25,531,0,9.8,EQ09
ORD0028,二号车间,2026-03-26,531,0,9.8,EQ02
ORD0028,三号车间,2026-03-27,531,0,10.7,EQ02
ORD0029,三号车间,2026-04-03,354,510,9.2,EQ09
ORD0029,二号车间,2026-04-04,354,389,7.5,EQ16
ORD0029,三号车间,2026-04-05,354,242,10.5,EQ11
ORD0029,一号车间,2026-04-06,354,435,8.8,EQ03
ORD0029,二号车间,2026-04-07,354,541,10.5,EQ08
ORD0029,装配车间,2026-04-08,354,445,11.8,EQ18
ORD0029,三号车间,2026-04-09,354,219,6.5,EQ13
ORD0029,一号车间,2026-04-10,354,311,7.6,EQ04
ORD0029,装配车间,2026-04-11,354,466,8.2,EQ09
ORD0029,精加工车间,2026-04-12,354,291,8.3,EQ12
ORD0029,一号车间,2026-04-13,354,347,10.0,EQ16
ORD0030,装配车间,2026-02-03,78,93,6.7,EQ02
ORD0030,一号车间,2026-02-04,78,59,7.8,EQ16
ORD0030,一号车间,2026-02-05,78,76,6.6,EQ18
ORD0030,二号车间,2026-02-06,78,14,8.3,EQ12
ORD0030,精加工车间,2026-02-07,78,58,8.5,EQ05
ORD0030,装配车间,2026-02-08,78,73,9.9,EQ16
ORD0030,精加工车间,2026-02-09,78,53,8.4,EQ09
ORD0030,一号车间,2026-02-10,78,109,10.1,EQ07
ORD0030,装配车间,2026-02-11,78,28,8.7,EQ08
ORD0030,三号车间,2026-02-12,78,0,6.6,EQ12
ORD0030,精加工车间,2026-02-13,78,0,11.4,EQ12
ORD0030,一号车间,2026-02-14,78,0,8.4,EQ07
ORD0030,一号车间,2026-02-15,78,0,11.7,EQ15
ORD0031,精加工车间,2026-04-19,168,216,7.2,EQ07
ORD0031,二号车间,2026-04-20,168,80,8.0,EQ05
ORD0031,精加工车间,2026-04-21,168,0,6.0,EQ05
ORD0031,二号车间,2026-04-22,168,0,9.2,EQ06
ORD0032,一号车间,2026-02-09,349,366,6.8,EQ14
ORD0032,精加工车间,2026-02-10,349,296,6.7,EQ03
ORD0032,装配车间,2026-02-11,349,306,8.7,EQ12
ORD0032,精加工车间,2026-02-12,349,0,9.6,EQ15
ORD0032,精加工车间,2026-02-13,349,0,7.3,EQ02
ORD0032,精加工车间,2026-02-14,349,0,7.8,EQ01
ORD0032,一号车间,2026-02-15,349,0,12.0,EQ13
ORD0033,三号车间,2026-04-15,220,151,9.7,EQ18
ORD0033,三号车间,2026-04-16,220,275,8.3,EQ17
ORD0033,三号车间,2026-04-17,220,0,8.7,EQ14
ORD0033,一号车间,2026-04-18,220,0,10.8,EQ04
ORD0033,精加工车间,2026-04-19,220,0,10.3,EQ07
ORD0034,三号车间,2026-03-03,470,503,8.2,EQ05
ORD0034,装配车间,2026-03-04,470,396,6.4,EQ03
ORD0034,一号车间,2026-03-05,470,445,8.6,EQ12
ORD0034,二号车间,2026-03-06,470,412,9.3,EQ18
ORD0034,精加工车间,2026-03-07,470,400,8.0,EQ04
ORD0034,装配车间,2026-03-08,470,533,8.1,EQ14
ORD0034,一号车间,2026-03-09,470,0,11.8,EQ10
ORD0034,三号车间,2026-03-10,470,0,6.6,EQ17
ORD0035,二号车间,2026-02-13,280,342,10.8,EQ18
ORD0035,精加工车间,2026-02-14,280,301,9.7,EQ18
ORD0035,一号车间,2026-02-15,280,336,9.7,EQ09
ORD0035,一号车间,2026-02-16,280,324,7.1,EQ10
ORD0035,三号车间,2026-02-17,280,221,8.1,EQ06
ORD0035,二号车间,2026-02-18,280,240,9.4,EQ13
ORD0035,一号车间,2026-02-19,280,219,6.9,EQ01
ORD0035,一号车间,2026-02-20,280,0,10.5,EQ07
ORD0035,装配车间,2026-02-21,280,0,8.5,EQ11
ORD0035,二号车间,2026-02-22,280,0,8.2,EQ11
ORD0035,精加工车间,2026-02-23,280,0,9.6,EQ02
ORD0035,二号车间,2026-02-24,280,0,6.9,EQ02
ORD0036,精加工车间,2026-02-07,746,848,6.7,EQ14
ORD0036,一号车间,2026-02-08,746,708,7.7,EQ16
ORD0036,精加工车间,2026-02-09,746,681,10.0,EQ02
ORD0036,二号车间,2026-02-10,746,0,8.4,EQ02
ORD0036,一号车间,2026-02-11,746,0,7.2,EQ07
ORD0036,二号车间,2026-02-12,746,0,10.6,EQ10
ORD0037,精加工车间,2026-04-09,176,233,11.0,EQ12
ORD0037,一号车间,2026-04-10,176,176,8.4,EQ02
ORD0037,装配车间,2026-04-11,176,206,6.1,EQ03
ORD0037,三号车间,2026-04-12,176,162,9.5,EQ13
ORD0037,装配车间,2026-04-13,176,190,7.7,EQ13
ORD0037,一号车间,2026-04-14,176,170,11.8,EQ06
ORD0037,精加工车间,2026-04-15,176,180,8.8,EQ12
ORD0037,一号车间,2026-04-16,176,202,8.6,EQ04
ORD0037,二号车间,2026-04-17,176,139,8.6,EQ13
ORD0037,精加工车间,2026-04-18,176,267,6.5,EQ10
ORD0037,三号车间,2026-04-19,176,0,7.3,EQ06
ORD0038,三号车间,2026-03-12,672,468,7.2,EQ05
ORD0038,一号车间,2026-03-13,672,793,7.1,EQ16
ORD0038,装配车间,2026-03-14,672,0,10.5,EQ15
ORD0038,精加工车间,2026-03-15,672,0,9.9,EQ11
ORD0038,三号车间,2026-03-16,672,0,6.9,EQ03
ORD0039,一号车间,2026-02-20,338,336,6.3,EQ10
ORD0039,一号车间,2026-02-21,338,262,9.9,EQ03
ORD0039,精加工车间,2026-02-22,338,344,9.6,EQ13
ORD0039,装配车间,2026-02-23,338,280,9.5,EQ02
ORD0039,装配车间,2026-02-24,338,420,11.5,EQ07
ORD0039,三号车间,2026-02-25,338,325,9.6,EQ17
ORD0039,二号车间,2026-02-26,338,268,11.7,EQ15
ORD0039,一号车间,2026-02-27,338,310,10.9,EQ11
ORD0039,一号车间,2026-02-28,338,191,9.0,EQ06
ORD0039,一号车间,2026-03-01,338,0,7.5,EQ15
ORD0040,三号车间,2026-03-04,1224,972,6.4,EQ04
ORD0040,精加工车间,2026-03-05,1224,1298,10.1,EQ10
ORD0040,三号车间,2026-03-06,1224,1096,10.3,EQ05
ORD0041,精加工车间,2026-03-06,846,738,8.3,EQ11
ORD0041,二号车间,2026-03-07,846,746,10.0,EQ17
ORD0041,一号车间,2026-03-08,846,691,9.9,EQ14
ORD0041,精加工车间,2026-03-09,846,0,8.2,EQ12
ORD0041,三号车间,2026-03-10,846,0,7.1,EQ07
ORD0041,三号车间,2026-03-11,846,0,11.7,EQ16
ORD0041,二号车间,2026-03-12,846,0,7.4,EQ05
ORD0042,装配车间,2026-04-21,401,432,6.9,EQ06
ORD0042,精加工车间,2026-04-22,401,548,10.9,EQ06
ORD0042,装配车间,2026-04-23,401,486,6.3,EQ12
ORD0042,二号车间,2026-04-24,401,384,11.8,EQ10
ORD0042,装配车间,2026-04-25,401,399,7.4,EQ08
ORD0042,三号车间,2026-04-26,401,300,11.8,EQ16
ORD0042,二号车间,2026-04-27,401,399,8.2,EQ15
ORD0042,装配车间,2026-04-28,401,372,10.6,EQ13
ORD0042,精加工车间,2026-04-29,401,414,9.2,EQ06
ORD0042,二号车间,2026-04-30,401,0,10.8,EQ05
ORD0042,三号车间,2026-05-01,401,0,6.3,EQ16
ORD0042,三号车间,2026-05-02,401,0,9.3,EQ04
ORD0043,二号车间,2026-02-27,683,664,10.9,EQ12
ORD0043,一号车间,2026-02-28,683,751,8.5,EQ13
ORD0043,精加工车间,2026-03-01,683,800,8.2,EQ13
ORD0043,一号车间,2026-03-02,683,259,8.2,EQ01
ORD0044,精加工车间,2026-02-24,285,300,6.0,EQ03
ORD0044,一号车间,2026-02-25,285,285,7.5,EQ05
ORD0044,精加工车间,2026-02-26,285,291,11.6,EQ17
ORD0044,装配车间,2026-02-27,285,229,6.7,EQ10
ORD0044,二号车间,2026-02-28,285,286,7.8,EQ02
ORD0044,二号车间,2026-03-01,285,320,8.5,EQ15
ORD0044,一号车间,2026-03-02,285,388,6.7,EQ16
ORD0044,精加工车间,2026-03-03,285,353,9.2,EQ17
ORD0044,精加工车间,2026-03-04,285,181,7.5,EQ05
ORD0044,三号车间,2026-03-05,285,0,8.6,EQ12
ORD0045,精加工车间,2026-02-17,109,132,9.0,EQ17
ORD0045,精加工车间,2026-02-18,109,113,6.1,EQ16
ORD0045,一号车间,2026-02-19,109,168,9.8,EQ12
ORD0045,三号车间,2026-02-20,109,86,10.5,EQ12
ORD0045,一号车间,2026-02-21,109,86,8.1,EQ04
ORD0045,精加工车间,2026-02-22,109,92,10.4,EQ11
ORD0045,二号车间,2026-02-23,109,51,6.3,EQ18
ORD0045,三号车间,2026-02-24,109,94,10.9,EQ06
ORD0045,装配车间,2026-02-25,109,88,11.9,EQ16
ORD0045,二号车间,2026-02-26,109,113,10.9,EQ03
ORD0045,装配车间,2026-02-27,109,118,6.2,EQ07
ORD0046,二号车间,2026-02-15,250,367,7.7,EQ02
ORD0046,三号车间,2026-02-16,250,309,7.6,EQ12
ORD0046,装配车间,2026-02-17,250,213,11.3,EQ15
ORD0046,装配车间,2026-02-18,250,193,8.0,EQ06
ORD0046,装配车间,2026-02-19,250,7,10.2,EQ12
ORD0046,精加工车间,2026-02-20,250,0,7.6,EQ03
ORD0046,装配车间,2026-02-21,250,0,6.5,EQ06
ORD0046,精加工车间,2026-02-22,250,0,7.8,EQ04
ORD0046,一号车间,2026-02-23,250,0,8.0,EQ10
ORD0046,三号车间,2026-02-24,250,0,8.7,EQ14
ORD0046,二号车间,2026-02-25,250,0,10.1,EQ12
ORD0046,装配车间,2026-02-26,250,0,6.3,EQ12
ORD0046,精加工车间,2026-02-27,250,0,12.0,EQ09
ORD0046,一号车间,2026-02-28,250,0,6.5,EQ13
ORD0046,三号车间,2026-03-01,250,0,9.1,EQ06
ORD0047,一号车间,2026-02-02,202,202,9.6,EQ15
ORD0047,三号车间,2026-02-03,202,204,8.2,EQ03
ORD0047,精加工车间,2026-02-04,202,179,6.8,EQ12
ORD0047,装配车间,2026-02-05,202,233,7.9,EQ09
ORD0047,二号车间,2026-02-06,202,148,11.8,EQ01
ORD0047,二号车间,2026-02-07,202,194,9.0,EQ13
ORD0047,精加工车间,2026-02-08,202,208,6.7,EQ09
ORD0047,装配车间,2026-02-09,202,24,7.3,EQ10
ORD0047,装配车间,2026-02-10,202,0,7.2,EQ05
ORD0047,一号车间,2026-02-11,202,0,8.7,EQ15
ORD0047,一号车间,2026-02-12,202,0,10.9,EQ11
ORD0047,三号车间,2026-02-13,202,0,10.3,EQ18
ORD0048,二号车间,2026-04-03,954,1033,7.4,EQ16
ORD0048,一号车间,2026-04-04,954,775,8.2,EQ12
ORD0048,装配车间,2026-04-05,954,1323,10.8,EQ18
ORD0048,二号车间,2026-04-06,954,136,9.7,EQ03
ORD0048,一号车间,2026-04-07,954,0,7.9,EQ16
ORD0048,精加工车间,2026-04-08,954,0,8.5,EQ14
ORD0049,精加工车间,2026-02-25,279,422,9.8,EQ06
ORD0049,二号车间,2026-02-26,279,401,8.6,EQ02
ORD0049,一号车间,2026-02-27,279,261,9.1,EQ10
ORD0049,二号车间,2026-02-28,279,346,7.0,EQ08
ORD0049,三号车间,2026-03-01,279,141,11.7,EQ17
ORD0049,三号车间,2026-03-02,279,0,11.1,EQ09
ORD0049,二号车间,2026-03-03,279,0,9.8,EQ18
ORD0049,三号车间,2026-03-04,279,0,6.8,EQ10
ORD0049,精加工车间,2026-03-05,279,0,9.2,EQ17
ORD0049,二号车间,2026-03-06,279,0,9.6,EQ05
ORD0049,二号车间,2026-03-07,279,0,10.0,EQ11
ORD0049,精加工车间,2026-03-08,279,0,6.2,EQ01
ORD0049,一号车间,2026-03-09,279,0,6.3,EQ09
ORD0049,二号车间,2026-03-10,279,0,10.6,EQ14
ORD0049,精加工车间,2026-03-11,279,0,9.8,EQ16
ORD0050,一号车间,2026-01-28,626,637,6.9,EQ14
ORD0050,装配车间,2026-01-29,626,880,8.8,EQ11
ORD0050,精加工车间,2026-01-30,626,410,6.9,EQ11
ORD0050,三号车间,2026-01-31,626,359,11.9,EQ05
ORD0051,三号车间,2026-03-22,501,494,11.7,EQ14
ORD0051,二号车间,2026-03-23,501,169,11.8,EQ06
ORD0051,三号车间,2026-03-24,501,0,11.6,EQ11
ORD0052,装配车间,2026-03-17,416,200,11.8,EQ07
ORD0052,精加工车间,2026-03-18,416,406,8.1,EQ02
ORD0052,三号车间,2026-03-19,416,280,9.0,EQ16
ORD0052,三号车间,2026-03-20,416,485,9.2,EQ04
ORD0052,装配车间,2026-03-21,416,143,6.8,EQ09
ORD0052,三号车间,2026-03-22,416,0,10.6,EQ12
ORD0052,一号车间,2026-03-23,416,0,8.4,EQ18
ORD0052,二号车间,2026-03-24,416,0,8.2,EQ10
ORD0052,一号车间,2026-03-25,416,0,8.3,EQ15
ORD0052,精加工车间,2026-03-26,416,0,7.7,EQ04
ORD0052,二号车间,2026-03-27,416,0,11.9,EQ13
ORD0053,二号车间,2026-03-05,1556,1352,10.3,EQ16
ORD0053,精加工车间,2026-03-06,1556,0,8.7,EQ17
ORD0053,二号车间,2026-03-07,1556,0,8.0,EQ11
ORD0054,装配车间,2026-02-16,667,649,10.9,EQ12
ORD0054,三号车间,2026-02-17,667,494,10.0,EQ14
ORD0054,精加工车间,2026-02-18,667,574,7.8,EQ01
ORD0054,精加工车间,2026-02-19,667,467,8.8,EQ08
ORD0054,一号车间,2026-02-20,667,994,9.5,EQ06
ORD0054,精加工车间,2026-02-21,667,295,9.8,EQ13
ORD0054,二号车间,2026-02-22,667,0,10.9,EQ08
ORD0055,精加工车间,2026-03-03,341,359,10.6,EQ16
ORD0055,一号车间,2026-03-04,341,331,10.2,EQ17
ORD0055,二号车间,2026-03-05,341,322,9.4,EQ16
ORD0055,精加工车间,2026-03-06,341,393,8.3,EQ06
ORD0055,装配车间,2026-03-07,341,197,11.5,EQ11
ORD0055,精加工车间,2026-03-08,341,0,8.1,EQ09
ORD0055,精加工车间,2026-03-09,341,0,8.9,EQ08
ORD0055,三号车间,2026-03-10,341,0,9.3,EQ08
ORD0055,三号车间,2026-03-11,341,0,10.6,EQ07
ORD0056,装配车间,2026-03-20,304,188,10.9,EQ05
ORD0056,三号车间,2026-03-21,304,407,6.3,EQ03
ORD0056,三号车间,2026-03-22,304,429,11.5,EQ09
ORD0056,装配车间,2026-03-23,304,285,7.3,EQ18
ORD0056,三号车间,2026-03-24,304,347,11.6,EQ09
ORD0056,二号车间,2026-03-25,304,327,6.7,EQ08
ORD0056,二号车间,2026-03-26,304,537,6.3,EQ17
ORD0056,二号车间,2026-03-27,304,389,9.8,EQ02
ORD0056,一号车间,2026-03-28,304,0,8.5,EQ16
ORD0057,三号车间,2026-02-01,638,485,7.9,EQ02
ORD0057,一号车间,2026-02-02,638,381,9.9,EQ08
ORD0057,精加工车间,2026-02-03,638,670,10.4,EQ02
ORD0057,二号车间,2026-02-04,638,517,8.5,EQ06
ORD0057,一号车间,2026-02-05,638,411,12.0,EQ13
ORD0057,装配车间,2026-02-06,638,534,7.1,EQ10
ORD0058,装配车间,2026-03-14,125,91,11.3,EQ05
ORD0058,精加工车间,2026-03-15,125,177,8.8,EQ07
ORD0058,一号车间,2026-03-16,125,152,8.0,EQ15
ORD0058,三号车间,2026-03-17,125,124,10.3,EQ01
ORD0058,三号车间,2026-03-18,125,171,10.7,EQ07
ORD0058,二号车间,2026-03-19,125,127,9.7,EQ13
ORD0058,装配车间,2026-03-20,125,98,9.1,EQ03
ORD0058,装配车间,2026-03-21,125,172,10.0,EQ06
ORD0058,二号车间,2026-03-22,125,141,8.9,EQ08
ORD0058,一号车间,2026-03-23,125,92,7.6,EQ08
ORD0058,装配车间,2026-03-24,125,111,10.5,EQ11
ORD0059,精加工车间,2026-04-18,270,210,11.5,EQ10
ORD0059,一号车间,2026-04-19,270,176,9.8,EQ10
ORD0059,三号车间,2026-04-20,270,332,9.7,EQ08
ORD0059,二号车间,2026-04-21,270,398,8.9,EQ15
ORD0059,精加工车间,2026-04-22,270,120,8.2,EQ18
ORD0059,装配车间,2026-04-23,270,0,10.5,EQ07
ORD0059,二号车间,2026-04-24,270,0,10.1,EQ03
ORD0059,精加工车间,2026-04-25,270,0,8.7,EQ12
ORD0059,一号车间,2026-04-26,270,0,11.5,EQ04
ORD0060,精加工车间,2026-03-15,131,102,8.9,EQ17
ORD0060,装配车间,2026-03-16,131,132,10.9,EQ15
ORD0060,二号车间,2026-03-17,131,103,9.1,EQ15
ORD0060,精加工车间,2026-03-18,131,139,6.3,EQ15
ORD0060,三号车间,2026-03-19,131,129,10.3,EQ13
ORD0060,三号车间,2026-03-20,131,94,10.9,EQ07
ORD0060,精加工车间,2026-03-21,131,0,6.4,EQ14
ORD0060,三号车间,2026-03-22,131,0,10.2,EQ18
ORD0060,一号车间,2026-03-23,131,0,11.6,EQ03
ORD0060,装配车间,2026-03-24,131,0,6.2,EQ14
ORD0060,二号车间,2026-03-25,131,0,10.6,EQ14
ORD0060,三号车间,2026-03-26,131,0,12.0,EQ13
ORD0060,装配车间,2026-03-27,131,0,11.2,EQ13
ORD0060,装配车间,2026-03-28,131,0,6.5,EQ18
ORD0061,一号车间,2026-02-17,1239,1407,11.9,EQ15
ORD0061,精加工车间,2026-02-18,1239,434,8.5,EQ13
ORD0061,二号车间,2026-02-19,1239,0,7.5,EQ12
ORD0062,二号车间,2026-01-31,127,102,6.4,EQ02
ORD0062,装配车间,2026-02-01,127,69,9.6,EQ02
ORD0062,二号车间,2026-02-02,127,35,10.4,EQ13
ORD0062,装配车间,2026-02-03,127,0,7.4,EQ07
ORD0062,一号车间,2026-02-04,127,0,6.8,EQ10
ORD0062,二号车间,2026-02-05,127,0,10.9,EQ11
ORD0063,精加工车间,2026-03-04,210,243,11.3,EQ06
ORD0063,装配车间,2026-03-05,210,122,9.3,EQ02
ORD0063,三号车间,2026-03-06,210,206,11.6,EQ13
ORD0063,精加工车间,2026-03-07,210,130,7.9,EQ14
ORD0063,装配车间,2026-03-08,210,0,6.9,EQ13
ORD0063,二号车间,2026-03-09,210,0,10.5,EQ16
ORD0063,二号车间,2026-03-10,210,0,11.1,EQ10
ORD0063,二号车间,2026-03-11,210,0,10.8,EQ02
ORD0063,精加工车间,2026-03-12,210,0,8.5,EQ14
ORD0063,精加工车间,2026-03-13,210,0,9.2,EQ13
ORD0063,二号车间,2026-03-14,210,0,7.5,EQ11
ORD0064,二号车间,2026-04-19,515,369,10.8,EQ18
ORD0064,二号车间,2026-04-20,515,583,8.9,EQ11
ORD0064,三号车间,2026-04-21,515,700,11.7,EQ01
ORD0064,二号车间,2026-04-22,515,196,11.6,EQ04
ORD0065,三号车间,2026-03-06,145,116,8.3,EQ18
ORD0065,三号车间,2026-03-07,145,165,7.9,EQ12
ORD0065,精加工车间,2026-03-08,145,137,11.3,EQ15
ORD0065,一号车间,2026-03-09,145,158,10.8,EQ16
ORD0065,三号车间,2026-03-10,145,123,11.5,EQ12
ORD0065,三号车间,2026-03-11,145,148,8.5,EQ08
ORD0065,二号车间,2026-03-12,145,139,6.1,EQ18
ORD0065,精加工车间,2026-03-13,145,187,9.5,EQ14
ORD0065,三号车间,2026-03-14,145,28,6.9,EQ11
ORD0065,二号车间,2026-03-15,145,0,8.3,EQ08
ORD0065,装配车间,2026-03-16,145,0,9.3,EQ11
ORD0065,三号车间,2026-03-17,145,0,10.6,EQ16
ORD0065,装配车间,2026-03-18,145,0,8.8,EQ12
ORD0065,二号车间,2026-03-19,145,0,6.8,EQ18
ORD0065,装配车间,2026-03-20,145,0,7.1,EQ18
ORD0066,二号车间,2026-04-25,224,240,6.1,EQ17
ORD0066,装配车间,2026-04-26,224,340,8.2,EQ16
ORD0066,装配车间,2026-04-27,224,272,6.1,EQ18
ORD0066,精加工车间,2026-04-28,224,17,8.5,EQ01
ORD0067,二号车间,2026-04-03,805,1046,7.2,EQ17
ORD0067,三号车间,2026-04-04,805,722,10.9,EQ09
ORD0067,装配车间,2026-04-05,805,394,6.5,EQ13
ORD0067,装配车间,2026-04-06,805,602,9.4,EQ08
ORD0067,三号车间,2026-04-07,805,389,10.1,EQ03
ORD0068,二号车间,2026-02-24,359,327,6.5,EQ14
ORD0068,三号车间,2026-02-25,359,360,9.4,EQ04
ORD0068,精加工车间,2026-02-26,359,509,11.5,EQ08
ORD0068,二号车间,2026-02-27,359,137,11.4,EQ16
ORD0068,三号车间,2026-02-28,359,0,6.3,EQ03
ORD0068,三号车间,2026-03-01,359,0,11.4,EQ02
ORD0068,二号车间,2026-03-02,359,0,11.6,EQ11
ORD0068,一号车间,2026-03-03,359,0,11.8,EQ05
ORD0068,装配车间,2026-03-04,359,0,11.6,EQ10
ORD0068,二号车间,2026-03-05,359,0,9.4,EQ13
ORD0068,精加工车间,2026-03-06,359,0,8.0,EQ05
ORD0068,一号车间,2026-03-07,359,0,9.0,EQ12
ORD0068,一号车间,2026-03-08,359,0,6.6,EQ08
ORD0068,一号车间,2026-03-09,359,0,8.0,EQ13
ORD0069,精加工车间,2026-02-14,262,410,10.0,EQ03
ORD0069,精加工车间,2026-02-15,262,273,7.8,EQ08
ORD0069,一号车间,2026-02-16,262,278,6.5,EQ05
ORD0069,装配车间,2026-02-17,262,231,10.3,EQ05
ORD0069,装配车间,2026-02-18,262,206,7.9,EQ04
ORD0069,一号车间,2026-02-19,262,215,6.0,EQ10
ORD0069,装配车间,2026-02-20,262,0,8.2,EQ09
ORD0069,一号车间,2026-02-21,262,0,6.8,EQ06
ORD0069,装配车间,2026-02-22,262,0,8.7,EQ18
ORD0069,精加工车间,2026-02-23,262,0,8.4,EQ01
ORD0069,一号车间,2026-02-24,262,0,8.1,EQ03
ORD0069,精加工车间,2026-02-25,262,0,9.6,EQ11
ORD0069,装配车间,2026-02-26,262,0,6.1,EQ14
ORD0070,装配车间,2026-04-04,516,481,6.9,EQ06
ORD0070,装配车间,2026-04-05,516,389,7.7,EQ10
ORD0070,装配车间,2026-04-06,516,458,10.7,EQ12
ORD0070,三号车间,2026-04-07,516,564,11.7,EQ16
ORD0070,精加工车间,2026-04-08,516,245,9.7,EQ15
ORD0070,一号车间,2026-04-09,516,0,6.8,EQ01
ORD0070,装配车间,2026-04-10,516,0,8.0,EQ13
ORD0071,二号车间,2026-04-08,671,898,11.8,EQ11
ORD0071,三号车间,2026-04-09,671,740,10.4,EQ16
ORD0071,精加工车间,2026-04-10,671,985,10.7,EQ11
ORD0071,装配车间,2026-04-11,671,364,7.7,EQ13
ORD0071,三号车间,2026-04-12,671,0,6.7,EQ07
ORD0071,精加工车间,2026-04-13,671,0,12.0,EQ06
ORD0071,精加工车间,2026-04-14,671,0,6.2,EQ15
ORD0071,二号车间,2026-04-15,671,0,8.6,EQ10
ORD0072,装配车间,2026-03-24,165,162,6.4,EQ16
ORD0072,精加工车间,2026-03-25,165,176,8.4,EQ17
ORD0072,装配车间,2026-03-26,165,118,9.3,EQ12
ORD0072,精加工车间,2026-03-27,165,265,9.6,EQ03
ORD0072,一号车间,2026-03-28,165,170,10.6,EQ12
ORD0072,二号车间,2026-03-29,165,169,9.9,EQ02
ORD0072,精加工车间,2026-03-30,165,194,11.9,EQ13
ORD0072,三号车间,2026-03-31,165,184,11.8,EQ14
ORD0072,一号车间,2026-04-01,165,174,6.1,EQ09
ORD0072,二号车间,2026-04-02,165,132,9.1,EQ17
ORD0072,精加工车间,2026-04-03,165,184,9.5,EQ08
ORD0072,装配车间,2026-04-04,165,242,8.2,EQ15
ORD0072,精加工车间,2026-04-05,165,183,10.1,EQ05
ORD0072,三号车间,2026-04-06,165,0,12.0,EQ16
ORD0072,一号车间,2026-04-07,165,0,7.8,EQ03
ORD0073,装配车间,2026-02-18,548,412,10.3,EQ15
ORD0073,三号车间,2026-02-19,548,530,6.4,EQ02
ORD0073,一号车间,2026-02-20,548,555,6.1,EQ11
ORD0073,一号车间,2026-02-21,548,26,10.1,EQ06
ORD0074,二号车间,2026-03-02,391,225,7.1,EQ14
ORD0074,装配车间,2026-03-03,391,540,6.2,EQ07
ORD0074,装配车间,2026-03-04,391,375,9.6,EQ13
ORD0074,一号车间,2026-03-05,391,349,10.2,EQ07
ORD0074,三号车间,2026-03-06,391,292,10.5,EQ03
ORD0074,精加工车间,2026-03-07,391,229,6.6,EQ18
ORD0074,二号车间,2026-03-08,391,471,8.2,EQ07
ORD0074,装配车间,2026-03-09,391,398,6.7,EQ16
ORD0074,精加工车间,2026-03-10,391,264,11.8,EQ11
ORD0074,精加工车间,2026-03-11,391,264,8.3,EQ13
ORD0074,精加工车间,2026-03-12,391,358,6.7,EQ12
ORD0074,装配车间,2026-03-13,391,554,9.7,EQ10
ORD0074,精加工车间,2026-03-14,391,270,9.5,EQ05
ORD0075,精加工车间,2026-01-27,395,246,6.8,EQ13
ORD0075,装配车间,2026-01-28,395,370,7.1,EQ18
ORD0075,二号车间,2026-01-29,395,368,9.3,EQ16
ORD0075,三号车间,2026-01-30,395,128,6.8,EQ11
ORD0075,装配车间,2026-01-31,395,389,9.7,EQ12
ORD0075,一号车间,2026-02-01,395,372,8.9,EQ07
ORD0075,装配车间,2026-02-02,395,463,11.8,EQ17
ORD0075,装配车间,2026-02-03,395,144,8.5,EQ16
ORD0075,装配车间,2026-02-04,395,0,10.3,EQ15
ORD0076,二号车间,2026-04-21,413,385,10.7,EQ16
ORD0076,精加工车间,2026-04-22,413,298,9.1,EQ04
ORD0076,三号车间,2026-04-23,413,678,10.7,EQ12
ORD0076,精加工车间,2026-04-24,413,419,10.9,EQ02
ORD0076,装配车间,2026-04-25,413,414,9.3,EQ14
ORD0076,一号车间,2026-04-26,413,410,10.4,EQ08
ORD0076,三号车间,2026-04-27,413,321,11.2,EQ02
ORD0077,精加工车间,2026-03-30,488,470,6.8,EQ07
ORD0077,二号车间,2026-03-31,488,418,10.8,EQ12
ORD0077,精加工车间,2026-04-01,488,421,7.7,EQ18
ORD0077,二号车间,2026-04-02,488,484,7.9,EQ10
ORD0077,三号车间,2026-04-03,488,66,9.4,EQ17
ORD0078,三号车间,2026-01-26,109,89,11.0,EQ13
ORD0078,装配车间,2026-01-27,109,111,6.9,EQ09
ORD0078,装配车间,2026-01-28,109,102,8.3,EQ03
ORD0078,一号车间,2026-01-29,109,149,8.4,EQ09
ORD0078,三号车间,2026-01-30,109,36,8.7,EQ16
ORD0078,三号车间,2026-01-31,109,138,9.5,EQ03
ORD0078,装配车间,2026-02-01,109,58,9.8,EQ12
ORD0078,一号车间,2026-02-02,109,0,10.8,EQ13
ORD0078,二号车间,2026-02-03,109,0,11.8,EQ07
ORD0078,装配车间,2026-02-04,109,0,7.6,EQ10
ORD0078,三号车间,2026-02-05,109,0,9.3,EQ05
ORD0078,精加工车间,2026-02-06,109,0,11.1,EQ11
ORD0078,一号车间,2026-02-07,109,0,6.3,EQ15
ORD0078,一号车间,2026-02-08,109,0,6.7,EQ06
ORD0079,三号车间,2026-02-01,395,487,7.5,EQ12
ORD0079,二号车间,2026-02-02,395,469,6.3,EQ10
ORD0079,二号车间,2026-02-03,395,0,8.6,EQ03
ORD0079,一号车间,2026-02-04,395,0,6.0,EQ16
ORD0080,二号车间,2026-04-24,41,35,8.9,EQ08
ORD0080,装配车间,2026-04-25,41,46,6.5,EQ04
ORD0080,一号车间,2026-04-26,41,28,7.9,EQ10
ORD0080,二号车间,2026-04-27,41,48,8.3,EQ05
ORD0080,二号车间,2026-04-28,41,38,6.4,EQ01
ORD0080,精加工车间,2026-04-29,41,10,9.9,EQ15
ORD0080,三号车间,2026-04-30,41,0,10.3,EQ05
ORD0080,装配车间,2026-05-01,41,0,9.7,EQ15
ORD0080,二号车间,2026-05-02,41,0,6.5,EQ04
ORD0080,二号车间,2026-05-03,41,0,10.5,EQ13
ORD0080,三号车间,2026-05-04,41,0,11.8,EQ11
ORD0080,二号车间,2026-05-05,41,0,7.5,EQ03
ORD0080,二号车间,2026-05-06,41,0,9.3,EQ10
ORD0080,一号车间,2026-05-07,41,0,11.1,EQ10
ORD0081,装配车间,2026-04-19,965,1043,9.8,EQ03
ORD0081,精加工车间,2026-04-20,965,663,11.3,EQ01
ORD0081,三号车间,2026-04-21,965,1187,11.6,EQ05
ORD0081,装配车间,2026-04-22,965,920,11.2,EQ14
ORD0081,三号车间,2026-04-23,965,796,9.3,EQ06
ORD0081,装配车间,2026-04-24,965,0,11.7,EQ03
ORD0082,精加工车间,2026-03-06,71,58,10.6,EQ14
ORD0082,装配车间,2026-03-07,71,45,6.5,EQ18
ORD0082,精加工车间,2026-03-08,71,43,9.7,EQ09
ORD0082,一号车间,2026-03-09,71,81,7.9,EQ17
ORD0082,二号车间,2026-03-10,71,48,11.8,EQ05
ORD0082,精加工车间,2026-03-11,71,102,8.0,EQ03
ORD0082,三号车间,2026-03-12,71,34,10.2,EQ08
ORD0082,一号车间,2026-03-13,71,101,7.5,EQ14
ORD0082,一号车间,2026-03-14,71,74,8.7,EQ02
ORD0082,三号车间,2026-03-15,71,69,10.0,EQ06
ORD0082,一号车间,2026-03-16,71,61,6.1,EQ05
ORD0082,一号车间,2026-03-17,71,78,7.0,EQ12
ORD0082,精加工车间,2026-03-18,71,70,9.1,EQ09
ORD0082,二号车间,2026-03-19,71,27,8.2,EQ09
ORD0083,装配车间,2026-02-17,272,279,9.1,EQ02
ORD0083,装配车间,2026-02-18,272,282,11.2,EQ06
ORD0083,三号车间,2026-02-19,272,247,6.9,EQ04
ORD0083,精加工车间,2026-02-20,272,189,10.0,EQ04
ORD0083,二号车间,2026-02-21,272,0,10.4,EQ01
ORD0083,一号车间,2026-02-22,272,0,11.2,EQ01
ORD0083,二号车间,2026-02-23,272,0,6.3,EQ12
ORD0083,装配车间,2026-02-24,272,0,11.5,EQ06
ORD0083,一号车间,2026-02-25,272,0,9.3,EQ14
ORD0083,二号车间,2026-02-26,272,0,7.9,EQ14
ORD0084,精加工车间,2026-01-29,307,308,11.9,EQ13
ORD0084,一号车间,2026-01-30,307,333,11.3,EQ10
ORD0084,三号车间,2026-01-31,307,265,8.0,EQ18
ORD0084,装配车间,2026-02-01,307,247,6.0,EQ07
ORD0084,三号车间,2026-02-02,307,322,9.4,EQ10
ORD0084,精加工车间,2026-02-03,307,231,7.5,EQ12
ORD0084,精加工车间,2026-02-04,307,338,11.8,EQ07
ORD0084,精加工车间,2026-02-05,307,23,10.6,EQ08
ORD0084,二号车间,2026-02-06,307,0,6.0,EQ14
ORD0084,一号车间,2026-02-07,307,0,7.4,EQ12
ORD0084,一号车间,2026-02-08,307,0,11.7,EQ01
ORD0084,装配车间,2026-02-09,307,0,11.1,EQ10
ORD0084,一号车间,2026-02-10,307,0,7.2,EQ08
ORD0084,装配车间,2026-02-11,307,0,9.0,EQ02
ORD0084,二号车间,2026-02-12,307,0,10.3,EQ03
ORD0085,装配车间,2026-02-10,91,61,6.4,EQ02
ORD0085,装配车间,2026-02-11,91,76,10.0,EQ05
ORD0085,二号车间,2026-02-12,91,91,7.8,EQ11
ORD0085,装配车间,2026-02-13,91,102,10.2,EQ11
ORD0085,三号车间,2026-02-14,91,74,8.7,EQ08
ORD0085,一号车间,2026-02-15,91,30,11.7,EQ05
ORD0085,精加工车间,2026-02-16,91,0,6.7,EQ04
ORD0085,二号车间,2026-02-17,91,0,8.7,EQ11
ORD0085,装配车间,2026-02-18,91,0,6.7,EQ12
ORD0085,二号车间,2026-02-19,91,0,8.7,EQ15
ORD0085,三号车间,2026-02-20,91,0,11.1,EQ03
ORD0085,二号车间,2026-02-21,91,0,10.8,EQ10
ORD0085,精加工车间,2026-02-22,91,0,6.2,EQ11
ORD0086,装配车间,2026-01-29,300,228,11.1,EQ18
ORD0086,精加工车间,2026-01-30,300,175,7.5,EQ15
ORD0086,一号车间,2026-01-31,300,0,10.8,EQ05
ORD0087,一号车间,2026-03-09,540,564,6.1,EQ03
ORD0087,二号车间,2026-03-10,540,424,11.4,EQ15
ORD0087,二号车间,2026-03-11,540,634,6.6,EQ11
ORD0087,一号车间,2026-03-12,540,462,6.3,EQ15
ORD0087,一号车间,2026-03-13,540,556,7.0,EQ14
ORD0087,装配车间,2026-03-14,540,705,9.0,EQ13
ORD0087,装配车间,2026-03-15,540,0,7.0,EQ07
ORD0088,装配车间,2026-02-05,553,711,11.3,EQ16
ORD0088,一号车间,2026-02-06,553,455,6.5,EQ13
ORD0088,二号车间,2026-02-07,553,548,8.5,EQ17
ORD0088,二号车间,2026-02-08,553,797,9.8,EQ18
ORD0088,一号车间,2026-02-09,553,466,11.9,EQ12
ORD0088,装配车间,2026-02-10,553,803,9.3,EQ16
ORD0088,三号车间,2026-02-11,553,19,11.5,EQ17
ORD0088,三号车间,2026-02-12,553,0,8.3,EQ06
ORD0088,一号车间,2026-02-13,553,0,7.9,EQ08
ORD0088,一号车间,2026-02-14,553,0,11.4,EQ09
ORD0089,一号车间,2026-03-25,88,101,10.6,EQ08
ORD0089,精加工车间,2026-03-26,88,53,11.1,EQ13
ORD0089,三号车间,2026-03-27,88,72,11.6,EQ06
ORD0089,二号车间,2026-03-28,88,82,7.4,EQ11
ORD0089,三号车间,2026-03-29,88,86,11.5,EQ01
ORD0089,三号车间,2026-03-30,88,101,11.7,EQ05
ORD0089,精加工车间,2026-03-31,88,91,11.7,EQ16
ORD0089,精加工车间,2026-04-01,88,58,7.9,EQ16
ORD0089,一号车间,2026-04-02,88,96,6.5,EQ08
ORD0089,精加工车间,2026-04-03,88,101,7.3,EQ17
ORD0089,装配车间,2026-04-04,88,100,6.0,EQ07
ORD0089,二号车间,2026-04-05,88,111,8.0,EQ06
ORD0089,三号车间,2026-04-06,88,106,6.4,EQ05
ORD0089,精加工车间,2026-04-07,88,98,10.2,EQ05
ORD0089,一号车间,2026-04-08,88,86,11.1,EQ12
ORD0090,装配车间,2026-03-15,198,115,9.9,EQ06
ORD0090,精加工车间,2026-03-16,198,219,10.2,EQ12
ORD0090,二号车间,2026-03-17,198,208,10.0,EQ06
ORD0090,装配车间,2026-03-18,198,211,7.8,EQ10
ORD0090,二号车间,2026-03-19,198,134,7.1,EQ01
ORD0090,精加工车间,2026-03-20,198,144,8.3,EQ02
ORD0090,二号车间,2026-03-21,198,250,9.6,EQ08
ORD0090,精加工车间,2026-03-22,198,196,6.6,EQ16
ORD0090,二号车间,2026-03-23,198,231,8.0,EQ03
ORD0090,二号车间,2026-03-24,198,199,8.1,EQ11
ORD0090,二号车间,2026-03-25,198,199,9.8,EQ03
ORD0090,三号车间,2026-03-26,198,244,8.7,EQ09
ORD0090,二号车间,2026-03-27,198,172,7.5,EQ03
ORD0090,三号车间,2026-03-28,198,10,7.5,EQ04
ORD0090,一号车间,2026-03-29,198,0,6.3,EQ15
ORD0091,装配车间,2026-03-08,994,886,6.4,EQ02
ORD0091,三号车间,2026-03-09,994,917,6.1,EQ09
ORD0091,一号车间,2026-03-10,994,1049,6.4,EQ06
ORD0091,装配车间,2026-03-11,994,238,7.0,EQ03
ORD0091,精加工车间,2026-03-12,994,0,11.7,EQ03
ORD0092,二号车间,2026-03-01,684,531,11.8,EQ14
ORD0092,精加工车间,2026-03-02,684,652,10.3,EQ18
ORD0092,三号车间,2026-03-03,684,608,10.0,EQ10
ORD0092,二号车间,2026-03-04,684,406,6.6,EQ13
ORD0092,精加工车间,2026-03-05,684,0,9.3,EQ16
ORD0092,二号车间,2026-03-06,684,0,6.3,EQ01
ORD0092,装配车间,2026-03-07,684,0,6.5,EQ16
ORD0092,二号车间,2026-03-08,684,0,6.6,EQ07
ORD0093,精加工车间,2026-03-06,756,924,8.3,EQ12
ORD0093,装配车间,2026-03-07,756,771,8.2,EQ15
ORD0093,一号车间,2026-03-08,756,146,7.6,EQ15
ORD0093,三号车间,2026-03-09,756,0,7.4,EQ09
ORD0094,精加工车间,2026-01-30,133,179,7.4,EQ02
ORD0094,装配车间,2026-01-31,133,209,10.9,EQ14
ORD0094,精加工车间,2026-02-01,133,120,10.1,EQ16
ORD0094,精加工车间,2026-02-02,133,118,11.3,EQ16
ORD0094,三号车间,2026-02-03,133,181,6.5,EQ02
ORD0094,精加工车间,2026-02-04,133,47,9.4,EQ17
ORD0094,精加工车间,2026-02-05,133,0,10.1,EQ05
ORD0094,一号车间,2026-02-06,133,0,11.7,EQ15
ORD0094,二号车间,2026-02-07,133,0,11.7,EQ06
ORD0095,二号车间,2026-01-28,87,57,11.0,EQ09
ORD0095,三号车间,2026-01-29,87,67,11.5,EQ03
ORD0095,一号车间,2026-01-30,87,65,8.3,EQ13
ORD0095,精加工车间,2026-01-31,87,70,8.0,EQ09
ORD0095,精加工车间,2026-02-01,87,86,8.7,EQ01
ORD0095,精加工车间,2026-02-02,87,92,9.5,EQ14
ORD0095,一号车间,2026-02-03,87,120,8.5,EQ05
ORD0095,精加工车间,2026-02-04,87,65,9.5,EQ04
ORD0095,一号车间,2026-02-05,87,108,9.4,EQ04
ORD0095,三号车间,2026-02-06,87,82,11.2,EQ12
ORD0095,装配车间,2026-02-07,87,85,7.6,EQ16
ORD0095,精加工车间,2026-02-08,87,101,9.7,EQ02
ORD0095,二号车间,2026-02-09,87,62,7.7,EQ05
ORD0096,一号车间,2026-04-19,305,334,8.0,EQ10
ORD0096,三号车间,2026-04-20,305,317,7.7,EQ16
ORD0096,一号车间,2026-04-21,305,342,11.8,EQ08
ORD0096,二号车间,2026-04-22,305,327,7.8,EQ15
ORD0096,三号车间,2026-04-23,305,492,7.6,EQ14
ORD0096,精加工车间,2026-04-24,305,256,9.9,EQ07
ORD0096,装配车间,2026-04-25,305,264,7.3,EQ14
ORD0096,装配车间,2026-04-26,305,116,10.6,EQ12
ORD0097,精加工车间,2026-03-05,422,363,6.2,EQ07
ORD0097,二号车间,2026-03-06,422,354,11.0,EQ08
ORD0097,一号车间,2026-03-07,422,547,8.7,EQ12
ORD0097,二号车间,2026-03-08,422,571,7.6,EQ15
ORD0097,精加工车间,2026-03-09,422,361,8.4,EQ04
ORD0097,一号车间,2026-03-10,422,334,7.5,EQ16
ORD0097,精加工车间,2026-03-11,422,471,8.7,EQ16
ORD0097,精加工车间,2026-03-12,422,363,9.3,EQ12
ORD0097,二号车间,2026-03-13,422,488,11.0,EQ09
ORD0097,一号车间,2026-03-14,422,443,7.7,EQ13
ORD0097,一号车间,2026-03-15,422,262,7.0,EQ07
ORD0098,二号车间,2026-03-04,583,808,9.9,EQ01
ORD0098,二号车间,2026-03-05,583,723,7.5,EQ10
ORD0098,三号车间,2026-03-06,583,0,8.5,EQ13
ORD0098,三号车间,2026-03-07,583,0,8.8,EQ07
ORD0098,装配车间,2026-03-08,583,0,7.8,EQ17
ORD0098,精加工车间,2026-03-09,583,0,8.4,EQ04
ORD0098,一号车间,2026-03-10,583,0,9.1,EQ12
ORD0098,精加工车间,2026-03-11,583,0,9.9,EQ10
ORD0098,三号车间,2026-03-12,583,0,10.1,EQ16
ORD0098,一号车间,2026-03-13,583,0,8.0,EQ09
ORD0099,二号车间,2026-03-18,389,254,11.4,EQ13
ORD0099,三号车间,2026-03-19,389,317,10.1,EQ01
ORD0099,装配车间,2026-03-20,389,385,12.0,EQ09
ORD0099,装配车间,2026-03-21,389,563,8.4,EQ02
ORD0099,精加工车间,2026-03-22,389,338,10.2,EQ07
ORD0099,三号车间,2026-03-23,389,410,10.4,EQ08
ORD0099,精加工车间,2026-03-24,389,387,9.8,EQ16
ORD0099,三号车间,2026-03-25,389,504,9.0,EQ06
ORD0099,精加工车间,2026-03-26,389,634,7.1,EQ04
ORD0099,装配车间,2026-03-27,389,337,6.8,EQ09
ORD0099,精加工车间,2026-03-28,389,341,10.6,EQ06
ORD0099,三号车间,2026-03-29,389,490,9.9,EQ08
ORD0099,三号车间,2026-03-30,389,455,7.3,EQ10
ORD0099,装配车间,2026-03-31,389,281,10.7,EQ11
ORD0099,三号车间,2026-04-01,389,0,7.6,EQ10
ORD0100,一号车间,2026-02-10,480,436,11.2,EQ13
ORD0100,精加工车间,2026-02-11,480,550,7.8,EQ02
ORD0100,二号车间,2026-02-12,480,613,6.8,EQ07
ORD0100,三号车间,2026-02-13,480,578,8.5,EQ15
ORD0100,二号车间,2026-02-14,480,540,7.9,EQ06
ORD0100,一号车间,2026-02-15,480,196,8.9,EQ06
ORD0100,三号车间,2026-02-16,480,0,9.8,EQ01
ORD0100,装配车间,2026-02-17,480,0,7.6,EQ06
ORD0100,精加工车间,2026-02-18,480,0,10.6,EQ16
ORD0100,一号车间,2026-02-19,480,0,6.8,EQ14
ORD0100,装配车间,2026-02-20,480,0,8.4,EQ16
ORD0101,一号车间,2026-04-24,1185,1542,9.8,EQ08
ORD0101,二号车间,2026-04-25,1185,942,10.2,EQ12
ORD0101,三号车间,2026-04-26,1185,580,6.8,EQ13
ORD0102,二号车间,2026-03-19,326,293,8.1,EQ16
ORD0102,三号车间,2026-03-20,326,328,10.5,EQ06
ORD0102,装配车间,2026-03-21,326,430,6.1,EQ08
ORD0102,二号车间,2026-03-22,326,341,7.3,EQ01
ORD0102,精加工车间,2026-03-23,326,329,9.0,EQ04
ORD0102,三号车间,2026-03-24,326,215,10.3,EQ02
ORD0102,装配车间,2026-03-25,326,386,11.3,EQ09
ORD0102,精加工车间,2026-03-26,326,378,9.7,EQ02
ORD0102,一号车间,2026-03-27,326,166,9.9,EQ01
ORD0103,一号车间,2026-03-24,355,327,7.8,EQ04
ORD0103,精加工车间,2026-03-25,355,374,7.6,EQ05
ORD0103,装配车间,2026-03-26,355,377,11.0,EQ04
ORD0103,精加工车间,2026-03-27,355,494,10.3,EQ04
ORD0103,三号车间,2026-03-28,355,346,6.7,EQ04
ORD0103,装配车间,2026-03-29,355,379,7.2,EQ07
ORD0103,三号车间,2026-03-30,355,202,11.0,EQ07
ORD0103,三号车间,2026-03-31,355,0,10.2,EQ10
ORD0103,二号车间,2026-04-01,355,0,6.2,EQ16
ORD0103,二号车间,2026-04-02,355,0,10.1,EQ16
ORD0103,三号车间,2026-04-03,355,0,7.4,EQ01
ORD0103,一号车间,2026-04-04,355,0,11.4,EQ16
ORD0103,二号车间,2026-04-05,355,0,11.7,EQ17
ORD0103,一号车间,2026-04-06,355,0,10.3,EQ04
ORD0104,三号车间,2026-04-19,614,797,10.8,EQ11
ORD0104,装配车间,2026-04-20,614,380,10.4,EQ04
ORD0104,一号车间,2026-04-21,614,528,6.1,EQ05
ORD0104,二号车间,2026-04-22,614,85,8.0,EQ15
ORD0104,精加工车间,2026-04-23,614,0,7.6,EQ03
ORD0104,三号车间,2026-04-24,614,0,10.9,EQ06
ORD0104,一号车间,2026-04-25,614,0,8.4,EQ15
ORD0105,精加工车间,2026-04-09,158,232,8.9,EQ15
ORD0105,二号车间,2026-04-10,158,100,9.7,EQ12
ORD0105,精加工车间,2026-04-11,158,71,6.2,EQ05
ORD0105,装配车间,2026-04-12,158,165,11.5,EQ04
ORD0105,装配车间,2026-04-13,158,0,8.6,EQ03
ORD0105,三号车间,2026-04-14,158,0,9.9,EQ01
ORD0105,精加工车间,2026-04-15,158,0,10.6,EQ08
ORD0105,三号车间,2026-04-16,158,0,9.1,EQ04
ORD0105,装配车间,2026-04-17,158,0,10.0,EQ08
ORD0106,二号车间,2026-04-19,552,375,6.4,EQ16
ORD0106,三号车间,2026-04-20,552,672,7.4,EQ09
ORD0106,一号车间,2026-04-21,552,641,9.0,EQ18
ORD0106,装配车间,2026-04-22,552,538,8.4,EQ08
ORD0106,一号车间,2026-04-23,552,439,8.8,EQ15
ORD0106,一号车间,2026-04-24,552,0,11.1,EQ15
ORD0106,三号车间,2026-04-25,552,0,6.7,EQ16
ORD0106,一号车间,2026-04-26,552,0,6.6,EQ14
ORD0106,一号车间,2026-04-27,552,0,9.3,EQ01
ORD0106,一号车间,2026-04-28,552,0,10.8,EQ10
ORD0107,精加工车间,2026-02-26,193,181,8.8,EQ12
ORD0107,装配车间,2026-02-27,193,209,6.7,EQ08
ORD0107,一号车间,2026-02-28,193,132,8.0,EQ10
ORD0107,精加工车间,2026-03-01,193,262,9.1,EQ04
ORD0107,一号车间,2026-03-02,193,189,11.4,EQ16
ORD0107,二号车间,2026-03-03,193,246,10.9,EQ14
ORD0107,一号车间,2026-03-04,193,209,7.5,EQ07
ORD0107,二号车间,2026-03-05,193,215,6.7,EQ13
ORD0107,二号车间,2026-03-06,193,220,8.7,EQ07
ORD0107,三号车间,2026-03-07,193,214,6.6,EQ14
ORD0107,一号车间,2026-03-08,193,75,11.6,EQ04
ORD0107,装配车间,2026-03-09,193,0,8.7,EQ17
ORD0108,精加工车间,2026-03-01,359,376,7.0,EQ05
ORD0108,一号车间,2026-03-02,359,422,8.3,EQ11
ORD0108,精加工车间,2026-03-03,359,350,11.3,EQ14
ORD0108,精加工车间,2026-03-04,359,488,11.5,EQ08
ORD0108,三号车间,2026-03-05,359,298,8.4,EQ11
ORD0108,三号车间,2026-03-06,359,520,8.7,EQ05
ORD0108,二号车间,2026-03-07,359,255,8.5,EQ17
ORD0108,三号车间,2026-03-08,359,0,11.1,EQ18
ORD0108,三号车间,2026-03-09,359,0,10.3,EQ18
ORD0108,二号车间,2026-03-10,359,0,7.2,EQ10
ORD0108,三号车间,2026-03-11,359,0,11.5,EQ05
ORD0108,二号车间,2026-03-12,359,0,9.0,EQ11
ORD0108,一号车间,2026-03-13,359,0,10.6,EQ18
ORD0108,装配车间,2026-03-14,359,0,9.5,EQ14
ORD0109,三号车间,2026-03-08,117,103,10.5,EQ06
ORD0109,三号车间,2026-03-09,117,46,10.1,EQ05
ORD0109,一号车间,2026-03-10,117,70,10.1,EQ10
ORD0109,二号车间,2026-03-11,117,14,10.5,EQ02
ORD0109,三号车间,2026-03-12,117,0,10.9,EQ04
ORD0109,精加工车间,2026-03-13,117,0,11.2,EQ18
ORD0110,三号车间,2026-01-27,317,240,11.8,EQ02
ORD0110,一号车间,2026-01-28,317,313,10.5,EQ07
ORD0110,精加工车间,2026-01-29,317,316,11.2,EQ15
ORD0110,二号车间,2026-01-30,317,225,11.5,EQ12
ORD0110,精加工车间,2026-01-31,317,436,9.3,EQ07
ORD0110,二号车间,2026-02-01,317,386,7.8,EQ06
ORD0110,一号车间,2026-02-02,317,299,7.1,EQ06
ORD0110,精加工车间,2026-02-03,317,86,6.7,EQ02
ORD0110,装配车间,2026-02-04,317,0,7.7,EQ09
ORD0111,精加工车间,2026-04-20,117,57,11.1,EQ10
ORD0111,装配车间,2026-04-21,117,109,10.7,EQ18
ORD0111,三号车间,2026-04-22,117,97,6.4,EQ11
ORD0111,精加工车间,2026-04-23,117,87,7.3,EQ06
ORD0111,精加工车间,2026-04-24,117,108,6.4,EQ17
ORD0111,二号车间,2026-04-25,117,169,8.5,EQ18
ORD0111,装配车间,2026-04-26,117,135,6.6,EQ08
ORD0111,二号车间,2026-04-27,117,100,10.0,EQ11
ORD0111,三号车间,2026-04-28,117,133,7.8,EQ17
ORD0111,装配车间,2026-04-29,117,157,12.0,EQ01
ORD0111,一号车间,2026-04-30,117,144,10.0,EQ15
ORD0111,二号车间,2026-05-01,117,118,11.4,EQ08
ORD0111,一号车间,2026-05-02,117,98,10.1,EQ11
ORD0111,装配车间,2026-05-03,117,137,11.5,EQ04
ORD0111,装配车间,2026-05-04,117,15,7.5,EQ10
ORD0112,三号车间,2026-02-22,691,845,9.1,EQ04
ORD0112,二号车间,2026-02-23,691,800,11.8,EQ18
ORD0112,精加工车间,2026-02-24,691,872,6.0,EQ03
ORD0112,二号车间,2026-02-25,691,598,10.0,EQ07
ORD0112,装配车间,2026-02-26,691,590,11.0,EQ07
ORD0112,精加工车间,2026-02-27,691,0,11.0,EQ14
ORD0113,三号车间,2026-04-21,214,325,9.3,EQ08
ORD0113,三号车间,2026-04-22,214,177,8.4,EQ15
ORD0113,装配车间,2026-04-23,214,306,8.6,EQ01
ORD0113,装配车间,2026-04-24,214,218,10.0,EQ18
ORD0113,一号车间,2026-04-25,214,0,9.8,EQ03
ORD0113,精加工车间,2026-04-26,214,0,6.3,EQ03
ORD0113,三号车间,2026-04-27,214,0,11.6,EQ04
ORD0113,三号车间,2026-04-28,214,0,10.7,EQ10
ORD0113,精加工车间,2026-04-29,214,0,6.5,EQ15
ORD0113,装配车间,2026-04-30,214,0,8.4,EQ01
ORD0113,装配车间,2026-05-01,214,0,6.9,EQ08
ORD0113,二号车间,2026-05-02,214,0,10.5,EQ18
ORD0113,三号车间,2026-05-03,214,0,11.8,EQ05
ORD0113,三号车间,2026-05-04,214,0,10.1,EQ12
ORD0113,一号车间,2026-05-05,214,0,9.3,EQ18
ORD0114,三号车间,2026-02-16,621,639,7.3,EQ17
ORD0114,二号车间,2026-02-17,621,716,7.0,EQ08
ORD0114,精加工车间,2026-02-18,621,462,11.0,EQ07
ORD0114,一号车间,2026-02-19,621,363,7.1,EQ02
ORD0114,精加工车间,2026-02-20,621,0,8.8,EQ18
ORD0114,一号车间,2026-02-21,621,0,7.7,EQ03
ORD0115,三号车间,2026-03-11,802,931,9.7,EQ07
ORD0115,三号车间,2026-03-12,802,705,8.9,EQ11
ORD0115,精加工车间,2026-03-13,802,126,10.0,EQ05
ORD0115,精加工车间,2026-03-14,802,0,9.4,EQ11
ORD0116,三号车间,2026-03-01,442,280,11.3,EQ15
ORD0116,装配车间,2026-03-02,442,466,8.2,EQ10
ORD0116,装配车间,2026-03-03,442,557,9.3,EQ06
ORD0116,精加工车间,2026-03-04,442,628,6.5,EQ09
ORD0116,二号车间,2026-03-05,442,391,11.3,EQ07
ORD0116,三号车间,2026-03-06,442,215,10.4,EQ03
ORD0116,一号车间,2026-03-07,442,0,11.4,EQ17
ORD0116,一号车间,2026-03-08,442,0,10.9,EQ13
ORD0116,精加工车间,2026-03-09,442,0,7.3,EQ02
ORD0116,精加工车间,2026-03-10,442,0,7.6,EQ18
ORD0116,装配车间,2026-03-11,442,0,9.9,EQ05
ORD0116,三号车间,2026-03-12,442,0,8.4,EQ10
ORD0116,二号车间,2026-03-13,442,0,8.8,EQ17
ORD0117,装配车间,2026-02-06,491,414,7.0,EQ05
ORD0117,装配车间,2026-02-07,491,539,11.6,EQ02
ORD0117,二号车间,2026-02-08,491,551,10.6,EQ08
ORD0117,一号车间,2026-02-09,491,162,7.6,EQ08
ORD0117,一号车间,2026-02-10,491,0,10.0,EQ17
ORD0118,三号车间,2026-03-15,447,371,11.0,EQ09
ORD0118,精加工车间,2026-03-16,447,444,9.3,EQ06
ORD0118,装配车间,2026-03-17,447,578,9.9,EQ12
ORD0118,精加工车间,2026-03-18,447,507,9.9,EQ03
ORD0118,精加工车间,2026-03-19,447,405,7.5,EQ08
ORD0118,精加工车间,2026-03-20,447,533,8.4,EQ12
ORD0118,装配车间,2026-03-21,447,128,10.8,EQ01
ORD0118,精加工车间,2026-03-22,447,575,11.3,EQ15
ORD0118,二号车间,2026-03-23,447,252,7.4,EQ17
ORD0118,三号车间,2026-03-24,447,406,7.3,EQ06
ORD0118,二号车间,2026-03-25,447,321,8.2,EQ04
ORD0118,二号车间,2026-03-26,447,302,8.5,EQ11
ORD0118,一号车间,2026-03-27,447,576,8.9,EQ16
ORD0119,精加工车间,2026-03-25,136,120,6.2,EQ05
ORD0119,一号车间,2026-03-26,136,147,7.0,EQ06
ORD0119,精加工车间,2026-03-27,136,67,11.7,EQ01
ORD0119,三号车间,2026-03-28,136,0,11.7,EQ07
ORD0119,装配车间,2026-03-29,136,0,9.6,EQ16
ORD0120,二号车间,2026-04-07,774,525,10.3,EQ11
ORD0120,装配车间,2026-04-08,774,966,9.6,EQ03
ORD0120,二号车间,2026-04-09,774,678,8.3,EQ05
ORD0120,一号车间,2026-04-10,774,472,6.1,EQ17
ORD0120,精加工车间,2026-04-11,774,691,10.1,EQ05
ORD0120,精加工车间,2026-04-12,774,1064,6.6,EQ16
ORD0120,精加工车间,2026-04-13,774,938,9.6,EQ18
